{
  "bot_states": [
    {
      "ID": 0,
      "direction": 8.8975315097971848,
      "state": {},
      "x_position": -48.904781392585562,
      "y_position": -15.860806159658598
    },
    {
      "ID": 1,
      "direction": 1.5707963267948966,
      "state": {},
      "x_position": 52.999999974285572,
      "y_position": 0.0002293120312530275
    },
    {
      "ID": 2,
      "direction": 1.5707963267948966,
      "state": {},
      "x_position": -16.039480061844294,
      "y_position": 0.47485350449103991
    },
    {
      "ID": 3,
      "direction": 1.5707963267948966,
      "state": {},
      "x_position": 18.999877457118302,
      "y_position": -0.021882561384512118
    }
  ],
  "ticks": 2066
}